,Time,Text,Sentiment
0,2018-12-31 23:52:33+00:00,kayleighmcenany realdonaldtrump thestoryfnc foxnews elizabeth warren right the middle a malasian scandal involving goldman sachs malasian govt. wait this get blurted all social media.,"[62.07829460581589, 52.183545810958236, -9.10584934496481]"
2,2018-12-31 23:51:24+00:00,really russia enemy the west us ?...think twice; goldman sachs jp morgan the largest investment banks the country. russia central bank works closely the imf the bis bank international settlements .,"[98.73702367746567, 85.94199425258161, -7.794402548672949]"
3,2018-12-31 23:24:51+00:00,goldmansachs peterchernin such balls sachs,"[-0.4167929811380866, -1.1728344096192704, -11.763818536142463]"
4,2018-12-31 23:22:12+00:00,"frank bitchylaughter johncarltonking tomcarmodycs cptjinglepants omolochris cindipargressiv grimeandreason mummu nofascistlies mymeows ms msmarshas waldene sallyalbright bottlesofpolish richmondrquette voterengaged leon rafitaaa gop thedemocrats the goldman sachs transcripts, perhaps?","[29.43412952198288, 19.96381105124673, -10.412258759386894]"
5,2018-12-31 23:21:37+00:00,the malaysia scandal is starting look dire goldman sachs,"[-2.617523739786331, -2.4904294150813873, -11.074100470115738]"
6,2018-12-31 23:18:07+00:00,kushner didn’t disclose ties soros thiel goldmansachs that owes billion loans ... ht tiffanylive,"[21.631989298968957, 31.560428462018322, -10.863566607378445]"
7,2018-12-31 23:14:21+00:00,what would make space industry advance faster? aerospace bankofamerica financingforthespaceindustry goldmansachs institutionalinvestmentcommunity morganstanley officeofspacecommerce publiclytradedspacecompanies satellitefleets,"[9.49389180300044, 18.74038969726442, -10.704080877580985]"
8,2018-12-31 23:07:13+00:00,"we wanted woman president, not one was cozy goldman sachs. a massive smear campaign leftists followed the switch sanders. many the left still prefer sanders good reasons. but be good reset a lot bs narratives.","[30.863720315864942, 71.71834655218872, -0.5678978759899991]"
9,2018-12-31 23:07:04+00:00,"the biggest movers include goldman sachs, merck amd","[9.453085472215763, 8.671726235750288, -11.248933013413016]"
10,2018-12-31 22:57:38+00:00,goldmansachs how that little issue mdb going?,"[6.618211867421711, 9.261878232582383, -11.231275426830862]"
11,2019-01-01 23:59:49+00:00,eventbinance binance goldmansachs etoro twittersupport twitter twitterau i still getting unwanted annoying promoted ads like one if staff follow promoted ads policy is supposed be sent tailored users?,"[23.269178295797804, 29.99363969892204, -10.766280308653066]"
13,2019-01-01 23:59:45+00:00,realdonaldtrump low oil prices ultimately drag the economy not necessarily net benefit. surely someone goldman sachs explain to you?,"[66.84447959527793, 40.447569798283965, 2.7679903687114376]"
14,2019-01-01 23:57:18+00:00,eventbinance binance goldmansachs etoro why you continue send unwanted annoying boring promoted ads you refuse answer tweets?,"[35.263352516082456, 33.357306531478166, -13.291734299221645]"
15,2019-01-01 23:55:15+00:00,realdonaldtrump what tax cut billion dollar year tax cut you the gop gave goldman sachs,"[41.07306277999855, 21.89698686838358, -10.799660469844852]"
16,2019-01-01 23:51:36+00:00,"once again, black women the wealth management industry available insights. way not keep inclusive goldmansachs","[36.99310673351261, 21.947391728900428, 2.163341192915638]"
17,2019-01-01 23:35:30+00:00,justinyantis ashleyfeinberg also it’s fact obama got cabinet the suggestion goldman sachs. does seem like uncorrupted behavior?,"[7.360824993090593, 21.55091334826701, -11.226547313554093]"
18,2019-01-01 23:33:42+00:00,the malaysia scandal is starting look dire goldman sachs – rolling stone via shareaholic,"[29.033106654845074, -1.0129279956017219, 1.1328304918288836]"
19,2019-01-01 23:32:23+00:00,mzjacobson dan kammen about discussing openly the biggest shareholder/investors us fossil fuels including warren buffett billgates mtbarra ford goldmansachs fidelity vanguard group chevron shell exxonmobil,"[51.94544645368365, 62.147638733686414, 2.6402731705265268]"
20,2019-01-01 23:27:18+00:00,justinyantis ashleyfeinberg well a candidate voted republicans than dems less safe seats kinda shows. plus loves wall street i don’t want another president call goldman sachs ask cabinet suggestions like obama did.,"[49.789511347259825, 87.77484931804126, -10.306502724178657]"
21,2019-01-01 23:21:13+00:00,the mdb malaysia scandal is starting look dire goldman sachs. a pioneering twist third world corruption might the biggest scandal th...,"[18.901082046990428, 16.993316364310708, -10.17773820461666]"
22,2019-01-02 23:58:29+00:00,dow jones stock list goldman sachs leads worst of data center,"[50.95322348264541, 65.50176014461587, -11.382920846239443]"
24,2019-01-02 23:58:05+00:00,"gsk news goldman sachs group analysts give glaxosmithkline gsk gbx , price target","[8.417368075704854, 18.521385648675867, -10.76778484370687]"
25,2019-01-02 23:54:02+00:00,"mikel jollett jeez, y’all, us didn’t like hillary she seemed be wedded goldman sachs is daughter, literally . i still voted her general, mind you. if liz maintain the kickass standard of this opening salvo, i all","[1.3815178665038175, 42.51768072106016, 10.504127861611707]"
26,2019-01-02 23:53:50+00:00,revisiting themes in goldman sachs’ crossword style hedge wallst,"[10.003135455117437, 19.18075103635019, -10.97610035254911]"
27,2019-01-02 23:36:04+00:00,malaysia files criminal charges goldman sachs mdb probe hedge businessnews energy,"[32.40920344507118, 21.17244331309126, 1.1113322284588563]"
28,2019-01-02 23:35:11+00:00,goldmansachs farfetch malaysia thieves,"[-1.163827870224604, -1.2618099921591441, -11.483060127935218]"
29,2019-01-02 23:31:25+00:00,"pioneer natural resources present goldman sachs global energy conference commodities january ,","[13.030299133115744, 30.40189370522425, -11.753808599357207]"
30,2019-01-02 23:30:17+00:00,galaxy digital stock soars bitcoin bull mike novogratz increases stake galaxydigital bitcoin merchantbank hedgefund goldmansachs bitsmart,"[20.501368385932295, 40.55389345477889, -10.596841301506828]"
31,2019-01-02 23:26:43+00:00,"sethfriederman jessicaquillin goldmansachs farfetch no. kinda makes think this quote, roots deep there’s reason fear the wind. but maybe, much like many things right now, needs burn and rebuilt....","[55.73192198235166, 34.28531155078382, -10.570497950108958]"
32,2019-01-02 23:24:32+00:00,"goldmansachs ottolenghi wow, first cook book actually cooks you","[9.427742097866474, 15.54886964507196, -10.766223877899463]"
33,2019-01-03 23:58:03+00:00,andrewofharwood mikemol chesterfieldeu cornwalleu lowri turner citi jpmorgan morganstanley goldmansachs nomura rbs heading as well,"[-2.3348068370489186, -3.9021173742365574, -11.152802152397264]"
35,2019-01-03 23:56:01+00:00,"willbriggs drphiliplee yup i remember am starts, school started i think and projects; i remember using goldman sachs hong kong transport report form basis my primary transport project, goldman got b.","[34.41187435935992, 61.76497912065021, -8.18851862353877]"
36,2019-01-03 23:56:01+00:00,"apple sounded alarm a slowdown china. staying away these stocks could help avoid pain, goldman sachs says","[47.81043492731008, 30.45850726733046, -10.30103820785041]"
37,2019-01-03 23:45:10+00:00,"goldman sachs says apple have cut numbers even further, compares iphone maker nokia.","[6.4377224784058855, 7.101358955374444, -10.699714036137308]"
38,2019-01-03 23:44:45+00:00,"goldman sachs says apple have cut numbers even further, compares iphone maker nokia.","[6.4377224784058855, 7.101358955374444, -10.699714036137308]"
39,2019-01-03 23:44:10+00:00,"goldman sachs says apple have cut numbers even further, compares iphone maker nokia.","[6.4377224784058855, 7.101358955374444, -10.699714036137308]"
40,2019-01-03 23:39:23+00:00,goldman sachs needs explain apple shareholders....,"[7.4740944526962005, 6.02490584365507, -10.672748187298026]"
41,2019-01-03 23:38:22+00:00,goldmansachs same reason we drive car long distance opposed walk,"[7.449282000981758, 19.269940790337756, 1.6283646311948985]"
42,2019-01-03 23:36:13+00:00,"goldman december payrolls preview a brief excerpts note goldman sachs economists choi hill we estimate nonfarm payrolls increased k december, somewhat consensus k. our forecast reflects a modest slowdown the tr ...","[88.27270286426429, 78.73080472708516, 2.507778227795356]"
43,2019-01-03 23:33:13+00:00,icymi goldman sachs thinks apple could the next nokia lukedormehl,"[17.920575418449317, -2.573871365482717, -11.060634488192811]"
44,2019-01-04 23:58:33+00:00,"rt ontologynetwork binance st blockchain week in singapore month ontology be microsoft, goldman sachs, pwc, more. rt followers with binanceblockchainweek we give away free discounted tickets o…","[14.02600675403892, 2.328783472987538, -9.464928774715744]"
46,2019-01-04 23:56:49+00:00,throbssagetly lofi hop krossny sengillibrand i saying doesn really matter. hillary clinton gave speech goldman sachs and look that turned out....,"[52.404542797017534, 33.02699558979707, -10.201317114466235]"
47,2019-01-04 23:55:21+00:00,goldmansachs you need sell business you a bad agenda i seen,"[16.769928327519896, 27.395046163584375, -10.348758738455203]"
48,2019-01-04 23:53:43+00:00,"goldman sachs sex trafficking scandal now linked the ann romney, wife mitt romney now know boom","[42.30507893546855, 43.2705326040353, -9.196584304897812]"
49,2019-01-04 23:52:36+00:00,"institutional crypto adoption grows, but will big banks make splash ? banking news circle fidelity goldmansachs","[34.05383303838219, 44.8844856365619, 2.147637582377911]"
50,2019-01-04 23:51:49+00:00,gs goldman sachs group inc. option order flow sentiment . bullish.,"[29.296011382837968, 29.547610464819165, -10.45227731929787]"
51,2019-01-04 23:50:45+00:00,"hey, me favor. don’t give money gillibrand. morganstanley goldmansachs bankofamerica citi she’s very intelligent &amp; folks catch immediately. let’s be wasteful like happened texas, yes?","[52.86752566332412, 54.162009805910856, -9.265120854667387]"
52,2019-01-04 23:48:33+00:00,cant possibly imagine anyone would want charge my genome information than goldman sachs.,"[26.141809718476498, 9.502527003249938, -10.436483511675576]"
53,2019-01-04 23:45:32+00:00,goldman sachs report warns pharma companies that curing disease is bad for business,"[29.30256923555888, 21.41277068749303, 0.737798554090709]"
54,2019-01-04 23:44:06+00:00,marben my oracle financial orbit shahil asibiza notayesmansecon marxnd benbgatech ronniechopra elerianm theidleinvestor toddwenning robertstgeorge robertjshiller halsrethink ciovaccocapital thebubblebubble reformedbroker contrariansmind livesquawk michaelschuman nickbatsford cnbc reutersjamie m mcdonough jonsanchezshow marketwatch mattbird dianaepatterson brilliantleader zakstraderscafe cnbcnow ftvideo zerohedge bbcbusiness sentifi uk lordshipstrade nypost ichronicle simonlambert thisismoney goldmansachs rcwhalen paypal peterthiel economics hedgeye dlacalle ia portfadviser pcg a . billion mkt cap co. mt cnbcnow breaking pg&amp;e plunges reuters reports it exploring filing or of business bankruptcy protection it faces billions liabilities related fatal wildfires utility,"[127.70620266355031, 135.28266137031267, 4.808666847327075]"
55,2019-01-05 23:58:11+00:00,"meetthepress mickmulvaneyomb sensanders lindseygrahamsc meetthepress cnbc ft goldmansachs jpmorgan facethenation foxnews colbertlateshow snlupdate senategop trump mexico will be ""happy"" to pay for wall","[29.02540335171766, 28.63514002468125, -9.66333263317415]"
57,2019-01-05 23:31:10+00:00,amazingatheist the fight on she’s new york goldman sachs going lay handover top earners im not defending ultra rich bc can’t take on will get money she needs the working and middle class,"[24.62836319314484, 33.15690264733534, -7.989944914505898]"
58,2019-01-05 23:28:16+00:00,"kimdotcom george soros, rothchilds, ford s, goldman sachs....list goes n on.","[31.520416855330996, 11.02317499102736, 0.442115268376817]"
59,2019-01-05 23:13:36+00:00,mrjpublications pebbleslondon pharmtechtom lbc matthewstadlen the head goldman sachs president its europe investment devision resigned he t relocate ireland ... i guess recruiting someone else it now. you re really naive your assessment. but good luck that.,"[50.24136039133719, 38.369128423652214, 0.8472366562045153]"
60,2019-01-05 23:12:39+00:00,goldmansachs because sexism. next question.,"[-1.7401879804069573, 8.18515999007274, -11.08956198725945]"
61,2019-01-05 23:08:48+00:00,"ambarosie darren britainelects yougov i would suggest collapse freddie fanny us, the toxic borrowing companies as bear stearns/goldman sachs more an issue. also, the liquidity banks falls the remit the boe, was made independent the last labour govt.","[79.94807733278991, 96.65004102383988, 15.629133004670436]"
62,2019-01-05 23:06:32+00:00,remember neoliberals to neck this. goldman sachs their partners drug laundry the ultra right.,"[18.157645200761696, 30.734151639430806, -10.939173517102006]"
63,2019-01-05 22:59:50+00:00,frankruiz repcohen how ya ever going drain swamp all employs goldman sachs &amp; fox?,"[10.746585471227409, 8.561024865034248, -11.115925077835726]"
64,2019-01-05 22:53:02+00:00,cryptopoland circlepay circleinvest goldmansachs am afraid might right..,"[6.0452481757398155, -0.5406269562786581, -12.293781373827287]"
65,2019-01-05 22:39:43+00:00,the government goldman sachs,"[10.356517788309981, 10.250761795397802, -10.950627334600156]"
66,2019-01-06 23:59:15+00:00,goldman sachs misses out big alibaba payoff,"[7.00972837776136, 0.05142994483600871, -12.290162429860732]"
68,2019-01-06 23:52:00+00:00,"goldman cuts month copper target to ,/t from ,/t goldman sachs maintains month copper target at ,/ton hedged","[28.003776791876806, 28.936796022676518, -9.303800582274931]"
69,2019-01-06 23:51:26+00:00,goldman sachs asks what if lebanon is forced restructure debt,"[18.918949282139693, 1.1477761244409517, -0.19535187746529203]"
70,2019-01-06 23:43:18+00:00,"goldman sachs, want hold racks","[6.973710056978322, -1.9604649820075477, -11.039824506119084]"
71,2019-01-06 23:40:06+00:00,goldman sachs cuts oil forecasts; sees prices still undervalued goldman cuts brent forecast to ./b vs previously goldman cuts wti forecast to ./b vs . previously,"[111.85173569219778, 114.03294314960915, 4.213546782313287]"
72,2019-01-06 23:40:04+00:00,the one issue left right can agree on even tucker carlson goldman sachs talking the pernicious impact monopolies the u.s.,"[13.454217148750107, 17.625195852768428, -10.261739085708896]"
73,2019-01-06 23:29:55+00:00,"fl oil – goldman sachs cuts price forecasts january , pm","[32.541546851863515, 43.59310138387147, -10.187096931322387]"
74,2019-01-06 23:29:48+00:00,ryanicnn haydentiff upholdinc circleinvest because goldman sachs invests real blockchain projects a literal shitcoin,"[8.950468613510282, -0.4943855587621795, -11.942335609238405]"
75,2019-01-06 23:27:06+00:00,oil goldman sachs cuts price forecasts,"[33.57235425487686, 33.49191606994897, -10.41451974471287]"
76,2019-01-06 23:25:58+00:00,oil goldman sachs cuts price forecasts,"[33.57235425487686, 33.49191606994897, -10.41451974471287]"
77,2019-01-07 23:58:57+00:00,". govmurphy election slogan ""governor who ll have your back."" joncorzine goldmansachs clone now, newjersey guncontrol ️ higher taxes a sanctuarystate &amp; no. ""in people fleeing"". liberalismisamentaldisease trumptrain maga","[52.39553096963211, 42.97744577789019, -9.252581291054256]"
79,2019-01-07 23:50:24+00:00,"reasons move frankfurt „ deutschebank db , goldmansachs gs citi c already moved parts their business of united kingdom. dublin, luxembourg, frankfurt paris the popular destinations.“ brexit","[47.273255202567604, 49.780392795638036, -8.838851568416757]"
80,2019-01-07 23:50:16+00:00,value stocks have low volatility like cds goldman sachs sees high quality stocks the market leaders,"[56.04180668569224, 46.29436456206778, -9.946543403756394]"
81,2019-01-07 23:49:56+00:00,goldmansachs or americans could eat less.,"[17.392331884871158, 9.86379072405034, -10.344622164085514]"
82,2019-01-07 23:46:11+00:00,here why goldman sachs thinks u.s. dollar may poised decline,"[28.881907924428504, 21.992283722324068, -10.404768261550792]"
83,2019-01-07 23:45:59+00:00,"former goldman sachs china exec says beijing can meet trump demands ,","[8.312579151945986, 17.63870831590197, -10.541767268380198]"
84,2019-01-07 23:45:45+00:00,here why goldman sachs thinks u.s. dollar may poised decline,"[28.881907924428504, 21.992283722324068, -10.404768261550792]"
85,2019-01-07 23:39:00+00:00,"rt goldmansachs ""we tried understand simple cooking means different people."" ottolenghi his latest book talksatgs gseurope smithbusinessco realnews","[4.059667526336857, 23.796242752147045, -10.412750009645421]"
86,2019-01-07 23:38:56+00:00,the machine learning specialists goldman sachs especially needs it may a whole new machine learning,"[13.184037673754933, 13.809532647973938, -9.896297736293775]"
87,2019-01-07 23:38:34+00:00,former goldman sachs china exec beijing cannot meet trump’s demands via youtube. it may going down...,"[30.55347477745696, 40.358048345782855, -11.44964900456786]"
88,2019-01-08 23:55:22+00:00,"what be done tangibly boost diversity wall street? start using business metrics measure progress, says goldmansachs chief strategy officer stephanie cohen. watch bvpredicts","[47.75884125584262, 69.8654852333699, -7.888802313338047]"
90,2019-01-08 23:55:16+00:00,goldmansachs nationalize the banks.,"[-1.523353692088578, -1.6291096850007585, -11.34546883634724]"
91,2019-01-08 23:54:51+00:00,"what be done tangibly boost diversity wall street? start using business metrics measure progress, says goldmansachs chief strategy officer stephanie cohen. watch bvpredicts","[47.75884125584262, 69.8654852333699, -7.888802313338047]"
92,2019-01-08 23:54:13+00:00,goldman sachs these stocks going get crushed,"[8.832444359077993, 0.3045602386070665, -0.1266176438857869]"
93,2019-01-08 23:50:55+00:00,"“the diversity imperative needs be part the business,” says cohen, asked how improve diversity business on wall street. she says goldmansachs set goal make intern class / women men bvpredicts","[68.07999654533931, 72.87767985378032, -6.167328271098214]"
94,2019-01-08 23:49:31+00:00,"diversity to a business imperative, says goldmansachs’ stephanie cohen. bvpredicts","[5.573290477765597, 16.310863350946512, -10.196983300626655]"
95,2019-01-08 23:49:11+00:00,"nearly every stock dow flashed green today, why was goldman sachs still red?","[36.03995724938918, 39.08467167107814, -9.550521648678256]"
96,2019-01-08 23:47:24+00:00,"stephanie cohen, chief strategy officer goldmansachs says future give consumers opportunity “live invest own values.” bvpredicts","[40.808233859709624, 20.087848444091776, -10.855909637056598]"
97,2019-01-08 23:43:03+00:00,u.s. bank goldmansachs bought . billion bonds finance dictatorship nicolasmaduro goldmanfinancesthedictatorship,"[21.370429824534536, 20.135495446746113, -10.564368380684527]"
98,2019-01-08 23:40:06+00:00,"i capitalism goldman sachs nothing than drug dealer, dealing people dreams insane investment returns.","[21.054219858021956, 21.67685583726957, -11.358347570985586]"
99,2019-01-09 23:57:53+00:00,"hey, check out [the dow gained points today, why was goldman sachs still red?] via quarry app","[13.761593820978636, 36.162149384081445, -10.210949017430323]"
101,2019-01-09 23:56:39+00:00,palm joined goldman sachs . it somewhat unusual move a time successful attorneys considered role an house lawyer be a backwater posting.,"[32.0684930390638, 50.92511747166398, -1.2155273545282341]"
102,2019-01-09 23:56:07+00:00,"for two decades, greg palm waged one battle another goldman sachs. now, , he’s ready step aside its top lawyer.","[18.130345547079575, 45.29139358094481, -9.487683121244586]"
103,2019-01-09 23:52:43+00:00,cgasparino goldmansachs worked drexel burnham lambert years old got week christmas bonus thanksmikemilken,"[15.425822317513234, 25.487801425532524, -9.452036476404018]"
104,2019-01-09 23:50:08+00:00,goldman sachs lowers target japan stock indexes,"[31.07458918930892, 30.97660706737438, -10.298535622693961]"
105,2019-01-09 23:50:05+00:00,greg palm retiring goldman sachs.,"[20.257398249188974, 10.524715513985335, -11.733620147983288]"
106,2019-01-09 23:45:10+00:00,goldman sachs lowers target japan stock indexes,"[31.07458918930892, 30.97660706737438, -10.298535622693961]"
107,2019-01-09 23:43:05+00:00,goldman sachs lowers target japan stock indexes,"[31.07458918930892, 30.97660706737438, -10.298535622693961]"
108,2019-01-09 23:41:49+00:00,goldman sachs lowers target japan stock indexes,"[31.07458918930892, 30.97660706737438, -10.298535622693961]"
109,2019-01-09 23:41:20+00:00,"helencg hendopolis dailymailuk by turning corner mean selling the country an elite like war criminal blair, goldman sachs, morgan branson their eu chums.","[64.07482996439596, 44.67768855792259, 1.7338482593642368]"
110,2019-01-10 23:55:42+00:00,"newspaper industry right winger politics smearing supressing left. if re getting politically involved left politics s easy enough be led throw name rothschild with goldman sachs, rupert murdoch, barclay brothers, lord rothermere etc,","[78.67286950733427, 83.5400857408832, -7.542274603014093]"
112,2019-01-10 23:53:02+00:00,"charles elkan goldmansachs ""data itself cost, a benefit. even it’s cheap store data, it’s still free. one the reasons machine learning so important that it’s a way gain benefit data."" ml ai via yaleinsights","[91.94244867624242, 84.19113186059668, -8.3592586501547]"
113,2019-01-10 23:52:46+00:00,goldman sachs could liable b malaysian scandal via nypost,"[18.694579568160723, -1.7714160689801308, -11.280991332197928]"
114,2019-01-10 23:45:36+00:00,"""the free market goldman sachs not free market the lemonade stand."" darrenjbeattie","[22.691259559383706, 33.555157791790094, -11.04927211687935]"
115,2019-01-10 23:45:02+00:00,. goldmansachs making progress their pledge fund female entrepreneurs. the bank made than m investments women led companies business,"[39.545058121441976, 61.3901265118662, -9.133687032262927]"
116,2019-01-10 23:35:05+00:00,a brief history goldman sachs,"[10.79559027427896, 9.275092637533048, -11.277704730654648]"
117,2019-01-10 23:34:51+00:00,bitcoin hits k last year without any goldman sachs without any morgan stanley without any citing group without any etfs without any lightningnetwork without any bakkt without any regulations so relax... the next rally...,"[-9.476640607060187, 10.402262017446688, 1.7469171700981434]"
118,2019-01-10 23:29:55+00:00,goldman sachs backed circle says its all in on crypto,"[19.039833907468964, 18.8522925075627, -10.062594637184496]"
119,2019-01-10 23:26:09+00:00,crypto panic goldman sachs backed circle says its all in on crypto crypto cashflow via →,"[49.843166441713166, 30.233352905599013, -9.271700782404409]"
120,2019-01-10 23:26:05+00:00,goldman sachs backed circle says its all in on crypto prkitykat,"[19.039833907468964, 18.8522925075627, -10.062594637184496]"
121,2019-01-11 23:56:53+00:00,"kenolin p. over decades goldman sachs not done business the trump org trump himself, knowing he might stiff anyone everyone. he would not pay, sue.","[25.694441394795493, 40.96054691352175, -10.578214609276998]"
122,2019-01-11 23:51:32+00:00,joestradamus cgasparino he goldman sachs puppet muppet,"[10.620421382959822, 10.539983198031933, -11.048717845366646]"
123,2019-01-11 23:50:03+00:00,intercontinental hotels group ihg downgraded goldman sachs group neutral stocks,"[10.433459082079317, 29.099689789806018, -10.60683698234848]"
124,2019-01-11 23:50:02+00:00,intercontinental hotels group ihg downgraded goldman sachs group neutral,"[10.433459082079317, 29.099689789806018, -10.60683698234848]"
125,2019-01-11 23:39:03+00:00,politico politico lost credibility me allegiance queen goldman sachs . now posit half assed attacks aoc w/ warning she going be forgotten she t bow to corp. neolib. oligarchs dnc. get the way of our progress. now.,"[18.80923081750267, 29.822085309679338, -10.192576414146501]"
126,2019-01-11 23:24:53+00:00,goldman sachs says markets indicate chance a recession,"[20.07558014915957, 1.6352609630004191, 11.797189852397217]"
127,2019-01-11 23:23:57+00:00,day the goldman sachs k small business program.,"[9.471896007891285, 7.3635453601428935, 0.7734868578201599]"
129,2019-01-11 23:23:04+00:00,"goldman sachs discovered earnings season strategy can make return just days — here’s is, how can replicate it","[14.535139327740797, 16.064124087819437, -9.322656922465029]"
130,2019-01-11 23:23:02+00:00,"goldman sachs discovered earnings season strategy can make return just days — here’s is, how can replicate it","[14.535139327740797, 16.064124087819437, -9.322656922465029]"
131,2019-01-11 23:21:51+00:00,starbucks downgraded goldman sachs china concerns the company hasn’t expressed concerns yet,"[21.080383919525875, 40.17939373839639, -9.949665450666366]"
132,2019-01-12 23:56:36+00:00,"starbucks be next us brand warn china trouble apple, goldman sachs says starbucks coffee china food cafe business hr","[19.635589413619943, 78.88105579318521, -10.884443335446335]"
134,2019-01-12 23:56:31+00:00,"also check the article jake weiss, former director global talent research goldmansachs, for glg "" steps help ensure professional success""","[63.55388204502281, 60.038405836516475, -9.414290515424398]"
135,2019-01-12 23:54:49+00:00,"delve today&amp; ;s share market – the goldman sachs group, inc. gs gs stocks stockmarket","[21.61325891776848, 20.426434573194843, -10.42920831770067]"
136,2019-01-12 23:53:31+00:00,"the vampire squid not vampire, actually squid, not all good metaphor goldman sachs. qz obsession .","[19.83844343562087, 21.194246080211514, -11.947661486140213]"
137,2019-01-12 23:36:26+00:00,"scarylawyerguy comey chucktodd mitchellreports yes. and i want hillary clinton have enough smarts, not character, have understood accepting , bribes excuse speaking fees goldman sachs t great idea. but alas, truly a fallen world live in.","[80.21639194191253, 43.46780397616625, -2.0338955395069007]"
138,2019-01-12 23:30:24+00:00,goldmansachs maybe don’t want be?,"[7.719027073533096, 8.166958449377848, -10.686550062878041]"
139,2019-01-12 23:26:41+00:00,"goldman sachs, poster firm wall st. crony capitalism under fire","[40.88787754380758, 31.442876881055717, -9.883546068641202]"
140,2019-01-12 23:25:35+00:00,goldmansachs get back running swamp.,"[-3.439131722497595, -2.3145515366211247, -10.946873233973722]"
141,2019-01-12 23:24:39+00:00,"goldman sachs, poster firm wall st. crony capitalism under fire","[40.88787754380758, 31.442876881055717, -9.883546068641202]"
142,2019-01-12 23:21:25+00:00,andrewatter leaveeuofficial labourleave paulembery a facile statement ... i voted dennis skinner . you voted david cameron &amp; george osborne were bankrolled us investment banks like goldman sachs ... whose socialist ?,"[66.78268537979095, 96.04894748187716, -8.440937690474314]"
143,2019-01-13 23:49:01+00:00,funder here a mitch mcconnell biggest donors. what kind of ballot measures we introduce make corporate lives hellish? blackstone altrianews goldmansachs davitahlthsolns metlife comcast mitchshutdown,"[19.36644195230767, 11.246824547747494, -0.12079716265182583]"
145,2019-01-13 23:43:39+00:00,bunceebryan buncee hlundqvistfdn goldmansachs such honor witness important work hlundqvistfdn doing inspirational youngambassadors,"[1.391819817612938, -1.035794911495032, -0.9857080494076484]"
146,2019-01-13 23:29:16+00:00,winkinj and did former goldman sachs ceo jon corzine u.s. senate &amp; for governor. then lost to chris christie. running nationwide obviously much difficult undertaking running statewide nj.,"[33.98031514791749, 38.90056821361637, -10.214099415554557]"
147,2019-01-13 23:23:50+00:00,"ing drops to the top tax dodgers chart bigger, not bad goldman sachs &amp; jp morgan pay zilch","[27.103919471236768, 21.40528673706733, -12.128418651051845]"
148,2019-01-13 23:23:43+00:00,"goldman sachs its dog whistle perspectives, his own.","[7.911113853239276, 0.023627599945185818, -11.43911658713926]"
149,2019-01-13 23:19:05+00:00,"for two decades, greg palm waged one battle another goldman sachs group inc. he to step aside its top lawyer. mdb lestweforget","[18.938374467233192, 55.46020425608249, -9.435034671415266]"
150,2019-01-13 23:16:40+00:00,everything need know keep knowing goldman sachs,"[-3.006293481349114, -1.9409331478069949, -11.423839455685602]"
151,2019-01-13 23:09:52+00:00,"kyler murray negotiating a position power. nobody would question leverage attempt, mlb &amp; nfl replaced goldman sachs &amp; mckinsey. please stop giving business decisions sports different morality standards those decisions other industries","[85.73297320956559, 29.518442810829157, -9.77693003776092]"
152,2019-01-13 23:07:26+00:00,"in asia now starbucks be next us brand warn china trouble apple, goldman sachs says","[8.146890220817955, 39.15768528473355, -11.352408480685327]"
153,2019-01-13 23:05:16+00:00,goldman sachs ceo david solomon shares number one piece advice millennials want get ahead in...,"[21.38824573641374, 39.49737911995308, -11.545164365330365]"
154,2019-01-14 23:57:35+00:00,goldman sachs leads immersive labs cyber security investment business mattersbusiness matters,"[56.31533621427277, 66.31015162473544, -9.866572068543164]"
156,2019-01-14 23:50:01+00:00,goldman sachs leads immersive labs cyber security investment business mattersbusiness matters securityguard,"[56.31533621427277, 66.31015162473544, -9.866572068543164]"
157,2019-01-14 23:48:22+00:00,goldman sachs leads funding gchq veteran’s cybersecurity startup cybersecurity dataprivacy ransomwareprotection hacker ransomware malware phishing tech,"[56.15608799008836, 15.827267234618155, 24.812705924130107]"
158,2019-01-14 23:45:31+00:00,goldman outlines ‘where invest now’ u.s. equities markets investments investing stocks goldmansachs,"[22.595915090572515, 12.44022331025406, 0.791652854210426]"
159,2019-01-14 23:44:44+00:00,goldman sachs downgrade hits shares schnitzer steel indus nasdaq schn,"[23.01423861446062, 12.876090771148814, -0.1998000051623805]"
160,2019-01-14 23:44:14+00:00,shares schnitzer steel indus nasdaq schn struck with downgrade from goldman sachs. should investors concerned?,"[19.623595816618664, 8.799217789793524, -10.701151918719894]"
161,2019-01-14 23:41:50+00:00,"jpetkfull sarafischer adlandia goldmansachs axios on it, thank","[-2.668367892387816, 3.8401037863174063, -12.37821528796107]"
162,2019-01-14 23:37:53+00:00,goldmansachs away zymergen tailopez this still poignant.,"[-3.903674321148215, -0.37203237396531863, -11.318307010336614]"
163,2019-01-14 23:36:59+00:00,hillaryclinton says you. puppet wall street goldman sachs,"[19.982881447715076, 28.989718929582303, -10.508576906715696]"
164,2019-01-14 23:34:57+00:00,goldman sachs investors should get defensive market realist,"[9.449718618860132, 9.674506443390673, -10.722174507343933]"
165,2019-01-15 23:56:21+00:00,"after leaving cia graduating the wharton school the university pennsylvania ,[] mcmullin began working the investment banking division goldman sachs","[51.39974080538332, 55.3525733192963, -8.372764734977906]"
167,2019-01-15 23:52:50+00:00,goldmansachs split culturally speaking. one the fortune public company/ global empire the is systemic &amp; incestuous betrayal/ ripping of clients greed sake.,"[52.91806171603101, 55.027552950739064, 2.7110237737709895]"
168,2019-01-15 23:44:46+00:00,never thought i’d see stopbigmoney goldman sachs nancy pelosi’s payroll. i just curious i some looking around. wtf democrats,"[7.589862545826468, 29.40795293805879, -12.837843963503573]"
169,2019-01-15 23:44:16+00:00,"when i’m looking guidance my life i always turn a dow company,” comments wsjournal reader robert middleton. “p&amp;g gillette my relationship women. goldman sachs child rearing. chevron a mid life crisis. walgreen’s spiritual insights,” adds.","[40.43177066549115, 63.39165699559008, -10.10932700225517]"
170,2019-01-15 23:36:15+00:00,ninaandtito goldman sachs set aside b future defense costs of mdb. may be enough.,"[21.073119188713815, 9.165499401347972, -11.424730852431097]"
171,2019-01-15 23:35:55+00:00,"michell jaredbeck but he t pick cabinet remember podestaemails &amp; dncleaks goldman sachs picked hillary cabinet? they all pre selected, like trump &amp; hillary pre selected.","[12.727625332212714, 13.5236654992366, -9.630671539052642]"
172,2019-01-15 23:29:45+00:00,wilde goldman sachs puppet?,"[-1.163827870224604, -1.2618099921591441, -11.483060127935218]"
173,2019-01-15 23:27:53+00:00,goldman sachs major volatility ahead big stocks as earnings season kicks off cryptocurrency bitcoin eth btc ico news,"[18.12256508249936, -0.19381326493504547, 0.7972243545397788]"
174,2019-01-15 23:27:09+00:00,"chrislacoursier kaseycundy wsj cnbc finra sec enforcement weylandtechinc tzeroblockchain damsconsulting jonnajarian elonmusk overstockceo secretservice potus mcuban realdonaldtrump goldmansachs morganstanley fidelity are on naked shorting. technology exists eliminate it. quit destroying lives, ruining companies running rigged game. revolutionize wall street allow retail/ mom &amp; pops to invest fairly again","[94.34941268106274, 84.60707575886578, -8.20952791290405]"
175,2019-01-15 23:22:03+00:00,"bank america, goldman sachs report what know markets wednesday heidi chung","[41.564485930196945, 11.336911914224729, 1.445444818636048]"
176,2019-01-16 23:59:33+00:00,a ho hum day stocks. dow leads most gain thanks goldman sachs,"[37.77095515308769, 29.66589839768438, -12.777259445901123]"
178,2019-01-16 23:59:14+00:00,a ho hum day stocks. dow leads most gain thanks goldman sachs,"[37.77095515308769, 29.66589839768438, -12.777259445901123]"
179,2019-01-16 23:57:32+00:00,goldman sachs ceo david solomon shares number one piece advice millennials want get ahead their careers,"[20.707956971633738, 49.58549113112359, -10.590707075647856]"
180,2019-01-16 23:56:54+00:00,cernovich jcharles she thinks can take powerful wallstreet rothschild globalist bankers? remember obama promises? he immediately brought timothy geithner goldman sachs gang run the show. i knew right who really charge. pass the,"[48.60897319865777, 48.884896347794566, -8.258080370841824]"
181,2019-01-16 23:56:14+00:00,oddstats goldmansachs you some amazing stats... very interesting,"[2.377004350729824, 1.796591807302931, -14.254692907452025]"
182,2019-01-16 23:54:21+00:00,goldman sachs chief apologises malaysians mdb scandal via ft,"[30.89226763251496, 20.73657585219651, -10.355694036533912]"
183,2019-01-16 23:54:00+00:00,goldman sachs shakes thematics five new funds etf,"[11.25217462751829, 18.60347835801633, -10.962096045350044]"
184,2019-01-16 23:51:07+00:00,goldman sachs apologises ex banker’s role mdb scandal – business news – the star online – goldman sachs,"[7.304828465504099, 25.520839846475255, -11.668106095956595]"
185,2019-01-16 23:49:46+00:00,"reddogt gs goldman sachs . = . billion gain. gs made notable gains of last trading sessions, days consecutively jan . finance investment banking brokerage","[53.32554301648107, 36.217598080134536, 1.345305882269372]"
186,2019-01-16 23:49:45+00:00,"reddogt gs goldman sachs . = . billion gain. gs made notable gains of last trading sessions, days consecutively jan . finance investment banking brokerage","[53.32554301648107, 36.217598080134536, 1.345305882269372]"
187,2019-01-17 23:59:14+00:00,"steventdennis why pelosi need go afghanistan? osama bin laden killed second time obama . pelosi not kill for rd time. if donald stops the goldman sachs boys going davos, i starting gain faith him.","[53.36869107466929, 52.708141795648075, 1.576441924470899]"
189,2019-01-17 23:57:47+00:00,"thank you, gop for first time history, six biggest wall street banks — ️made billion profit a year jpmorgan chase bankofamerica wellsfargo citi goldmansachs repmaxinewaters fscdems via business","[52.75359793996726, 64.87309661976863, -10.195426374001144]"
190,2019-01-17 23:57:24+00:00,goldman sachs – attractively valued but be aware of the .b risk,"[19.713626221238076, 10.749606771447922, 1.3034599950506944]"
191,2019-01-17 23:57:01+00:00,goldman sachs | gs gs how fast it go up? long short goldman sachs wcx,"[2.8609329139942234, -4.176365105946232, -10.331554554337117]"
192,2019-01-17 23:52:05+00:00,"unico sells smith tower goldman sachs million, building deal","[30.61744397584312, 21.865590493651204, -10.362647914006033]"
193,2019-01-17 23:52:05+00:00,"unico sells smith tower goldman sachs million, building deal","[30.61744397584312, 21.865590493651204, -10.362647914006033]"
194,2019-01-17 23:52:04+00:00,"unico sells smith tower goldman sachs million, building deal","[30.61744397584312, 21.865590493651204, -10.362647914006033]"
195,2019-01-17 23:45:53+00:00,goldman sachs backed startup unveils cold storage cryptocurrency trading bitcoin bitcoinbusinesses bitcointechnology bitcointrading bitgo coldstorage goldmansachs,"[32.19948291408911, 23.496419596066627, -11.029705383803105]"
196,2019-01-17 23:45:04+00:00,capify secures million goldman sachs sme loans,"[-1.6617950782106565, -1.0490860825786013, -11.444893570126867]"
197,2019-01-17 23:44:44+00:00,goldman sachs ceo apologises ex banker’s role mdb scandal nation | the star online,"[8.464690310546, 17.01091320423476, -12.135022135728029]"
198,2019-01-18 23:55:15+00:00,senecaindian goldmansachs away no don t. that the problem.,"[6.603692881711727, 1.7863609829937341, -12.595245653013798]"
200,2019-01-18 23:55:02+00:00,"episode goldman sachs the mdb corruption scandal corruption, crime &amp; compliance via mikevolkov","[18.015141179891213, 6.770607176933659, -10.763329795429264]"
201,2019-01-18 23:51:16+00:00,news us banks profited b in who these earners? at whose expense? is a mean acquire full market control power? plunder.. wrong headlines financial banks money bankofamerica jpmorgan wellsfargo citigroup goldmansachs morganstanley profit today,"[73.06031513497463, 80.24217683554423, -8.525281559568029]"
202,2019-01-18 23:49:40+00:00,don bother goldmansachs,"[10.574751346126636, 0.43660350281483273, -13.044752381604525]"
203,2019-01-18 23:49:11+00:00,"sputnikint still waiting the day goldman sachs, jp morgan, federal reserve ceo s/presidents/staff shutdown permanently imprisoned life.","[43.873300415944286, 32.71428520495459, -10.409466995358201]"
204,2019-01-18 23:47:42+00:00,askslim market week goldman sachs gs cycle analysis via youtube,"[18.407272494310252, 9.502908272236837, -11.060914053539989]"
205,2019-01-18 23:46:41+00:00,"goldman sachs, lies mdb the australian financial review","[31.64421251509904, 32.24914763975345, -11.047036674820966]"
206,2019-01-18 23:43:58+00:00,"miltime goldmansachs away wokest vampire squid the game, though","[18.190751056271015, 19.991885114273728, -10.312881470533647]"
207,2019-01-18 23:32:24+00:00,complex goldman sachs leads m round cyber security skills platform immersive labs end,"[55.81187828339847, 46.2371878748726, 1.8407449383481236]"
208,2019-01-18 23:32:23+00:00,rwpusa menuchen isn’t much better. goldmansachs yikes.,"[0.7445678239501621, 7.916022186799633, -12.345898623011463]"
209,2019-01-19 23:59:57+00:00,goldmansachs hahahahahaaaa revenue whom? the creators,"[22.23638926870854, 22.130633275796363, -10.555785832853072]"
211,2019-01-19 23:53:52+00:00,"what goldman sachs was nothing less what peddlers the ""white powder"" cocaine and done. mdb lestweforget.","[5.597337211939885, -1.7864504550360967, -11.063818854169092]"
212,2019-01-19 23:50:11+00:00,"davos list year includes bill gates, george soros, uber ceo dara khosrowshahi, new goldman sachs ceo david solomon bridgewater founder ray dalio. on public side, expect see german chancellor angela merkel, israeli prime minister benjamin…","[97.39585042817096, 115.07249072849785, 15.532729464378079]"
213,2019-01-19 23:27:02+00:00,goldman sachs middle market lending corp. statement changes beneficial ownership securities,"[41.56816630858759, 32.511086816937244, -10.066213050444652]"
214,2019-01-19 23:15:24+00:00,"profplum paranoidbull stevephenni suvyboy realdonaldtrump goldmansachs if exec branch gains control fiscal, trump get weak dollar","[52.3695463463738, 23.963503805349063, 11.570088282845354]"
215,2019-01-19 23:14:59+00:00,kolumnisawani the black credit card goldman sachs malaysia awaninews,"[-3.876975696432498, -3.2369526977647856, -10.838343154697796]"
216,2019-01-19 23:13:54+00:00,times tesla’s stock taken nosedive when goldman sachs talks… breaking news,"[15.557271917916172, 18.471130596291943, -10.701774419291901]"
217,2019-01-19 23:13:33+00:00,goldman sachs ceo david solomon shares story how became dj,"[19.31823543608674, 37.997081161974684, -10.049277750785869]"
218,2019-01-19 23:12:19+00:00,"null the black credit card goldman sachs malaysia in case mdb,","[-5.593185960352801, -3.655833375221875, -10.497383308629928]"
219,2019-01-19 23:04:33+00:00,"goldman sachs slashes oil price forecast amid oversupply concerns january , energy","[33.22183561664351, 42.464086742416754, -10.36571532459984]"
220,2019-01-20 23:56:35+00:00,"goldman sachs invests million supportive housing new jersey aiming provide housing options the state “most vulnerable populations,” goldman sachs partnering new jersey community capital provide million be ...","[53.30431547948759, 63.33924862693986, 2.5297326753878195]"
222,2019-01-20 23:55:08+00:00,ex goldman sachs trader tells truth trading part via youtube,"[50.62441215539651, 22.064160945933708, -11.32164895019767]"
223,2019-01-20 23:43:57+00:00,would u if u found i lowkey quant consultant goldman sachs?,"[9.355290599737241, 7.61758801113956, -10.41103573929491]"
224,2019-01-20 23:35:24+00:00,davidsirota that what happens goldman sachs picks cabinet.,"[8.96140045546667, 10.021177114241382, -10.747410383130386]"
225,2019-01-20 23:34:27+00:00,goldmansachs away when ever are facts support opinion always say “subtle” is it’s done “unconsciously”,"[6.115299688493924, 6.7919124434234845, -10.928001905737304]"
226,2019-01-20 23:27:04+00:00,thesundaily goldman sachs ceo says sorry mdb scandal.,"[-4.770750774455787, -0.9663579107902742, -12.06962114970744]"
227,2019-01-20 23:25:07+00:00,goldman sachs top percent own half stocks us,"[16.65133472438931, 17.238506972218236, -10.250471035525898]"
228,2019-01-20 23:14:51+00:00,pinnacle west capital nyse pnw stock rating reaffirmed goldman sachs group investingnews,"[30.017006193387445, 29.243420827899612, -10.280988352088343]"
229,2019-01-20 23:13:37+00:00,goldmansachs away interesting,"[-0.9159435733235732, 7.317884026577801, -12.550651200779733]"
230,2019-01-20 23:12:42+00:00,"us goldman sachs jp morgan, according our contract, every year sum how much money have pay pay family members all jewish young generations my great contributions wall street investment banks permanent and strict contract,","[84.8463188769468, 70.9600260908342, 2.659532314279275]"
231,2019-01-21 23:50:25+00:00,banker deaths climb goldman sachs managing director found dead via fpptim,"[28.390036063028273, 20.60018812668386, -11.05390710118344]"
233,2019-01-21 23:45:06+00:00,". jimcramer, please remind wall street america hurting had . presidentbush or. potus waited days / clean their mess they wldn exist . dowjones . nasdaq . goldmansachs must step lobby end trumpshutdown philanthropy where the","[66.05928104519036, 61.20767370018457, -11.301737213228833]"
234,2019-01-21 23:44:36+00:00,anncoulter she totally irrelevant zero chance trump bring on goldman sachs puppets,"[-3.164875490565886, 7.425174660812296, -11.281323659660032]"
235,2019-01-21 23:33:58+00:00,kangcotton bx realheine goldman sachs,"[-1.163827870224604, -1.2618099921591441, -11.483060127935218]"
236,2019-01-21 23:28:23+00:00,ldixon wallstxyz mikemerlinator aoc rokhanna sensanders senatemajldr justicedems ayannapressley ilhanmn rashidatlaib that why spend billions dollars their candidates. why ceo goldman sachs telling the freshman congress elects how pass legislation who should work for? that pretty scary know a company power votes congress.,"[30.176904462166892, 30.189551220316517, -9.349635083007868]"
237,2019-01-21 23:23:32+00:00,"irony teaching college without a college degree. . here a snapshots me teaching entrepreneurs the goldman sachs , small business initiative. . so many entrepreneurs dive the...","[8.817023533383225, 32.62572342112378, 24.667349003997955]"
238,2019-01-21 23:21:47+00:00,"irony teaching college without a college degree. . here a snapshots me teaching entrepreneurs the goldman sachs , small business initiative. . so many…","[7.016076534546518, 20.83733940554768, 12.765840267742263]"
239,2019-01-21 23:15:51+00:00,jonfavs podsaveamerica sengillibrand crookedmedia how much her campaign be financed wall st? will pledge not put anyone goldmansachs her cabinet high level treasury positions?,"[27.899116553353497, 40.19910172830677, -9.778981244056823]"
240,2019-01-21 23:13:14+00:00,"daveweigel reporter, mebbe could ask goldman sachs they are doing end shut","[5.741395823728777, -3.9435725610553267, -10.96751749006102]"
241,2019-01-21 23:09:46+00:00,nytimes theeconomist goldmansachs business foxnews sentedcruz sensanders lindseygrahamsc aoc thehill thenation the us congress not mexico. therefore is nothing negotiate. roll video... donald trump says will make mexico pay wall,"[35.5687806697892, 49.67305380477648, -8.8063124681006]"
242,2019-01-22 23:50:53+00:00,penn pennsas nomura goldmansachs mbatsinghua tsinghua sem brookingsthu tsinghuambas sem tsinghua tsinghua uni tsinghua pbcsf hbsexeced harvard harvardbiostats harvardbiz hbsalumni harvardhbs mit whnsc wharton mitsloan depsecdef secpompeo harvard law harvardphysics harvardmath realdonaldtrump harvardksr nsagov chartdata wef pc aims invalidate valid facts support ideas contrary the pc agenda. the basis excluding facts an arguments rooted the pseudo law practice pc lawyers not ignore arguments also ignore important facts. nomura goldmansachs mbatsinghua mit,"[117.9096145762258, 72.52588642532051, 11.500377204821135]"
244,2019-01-22 23:46:45+00:00,goldmansachs away anyone thinks gender bias isn’t real...is man.,"[17.13578640717269, 20.181478549616422, -10.902162151530746]"
245,2019-01-22 23:44:03+00:00,goldman sachs a prelude to a favorable first quarter,"[9.351886523758182, 9.400824922914982, -10.657358615172164]"
246,2019-01-22 23:41:45+00:00,scobbiejames alexmassie it a political rumble eu wanted fear italy /spain worse in than out got goldman sachs make the numbers...the early boom the bribe.,"[56.88037061205309, 41.90763404676561, -10.16867890659266]"
247,2019-01-22 23:36:55+00:00,the next interview be goldman sachs private wealth managment summer internship program.,"[20.293815682623684, 9.828777467498277, 13.240993354242555]"
248,2019-01-22 23:31:53+00:00,oh happy day some good news the music industry. goldmansachs musicstreaming industrytrends kc,"[12.523139014979204, -4.848744334698736, -14.504087121853274]"
249,2019-01-22 23:31:15+00:00,informative discussion held wef lagarde imfnews &amp; goldmansachs global ceo david solomon having women leaders. both acknowledged remains work do great see many companies leading way. side note of gs reps davos women,"[51.66166846414533, 41.8876909287645, 0.5777205480105039]"
250,2019-01-22 23:27:47+00:00,"trump campaign promise “i’m gonna drain swamp ” what hes done gave tax cut the top put former coal lobbyist charge the epa goldman sachs members administration longest government shutdown us history if was his show, he’d fired","[107.25577577477186, 115.4218863731138, -7.227921628560793]"
251,2019-01-22 23:24:29+00:00,leftiblog bourgeoisalien there huge choice be made comes trump vs a turd way dem will be goldman sachs bloat off labor the wealth gap continues widen will it be goldman sachs bloat off labor the wealth gap continues to widen?,"[101.34795150968459, 90.02555470268659, 16.107371321501674]"
252,2019-01-22 23:23:42+00:00,honored be named one fortunemagazine mostadmired companies th consecutive year. learn &amp; see the full list,"[9.663381249097657, 36.67221013074061, 0.3812770549550919]"
253,2019-01-23 23:52:29+00:00,sirnotting wallstreet goldmansachs jpmorgan,"[-1.163827870224604, -1.2618099921591441, -11.483060127935218]"
255,2019-01-23 23:50:17+00:00,"wall street firms including goldman sachs citigroup walked away u.s. ipos chinese pp lenders recent months, another troubling sign the industry bloombergdeals","[104.86973708236879, 97.49976485233229, -7.336523434151999]"
256,2019-01-23 23:49:01+00:00,congrats worldbusinesschicago board members pncbank cibc fifththird goldmansachs making bloomberg gender equality index; companies show commitment equality &amp; advancing women the workplace.,"[44.71765250690932, 52.52638264407879, -10.576031918752747]"
257,2019-01-23 23:42:54+00:00,"sales luxury jewelry, watches boats risk stock market swoons spending watches, jewelry, boats other luxury goods could tumble of recent stock market jitters, according analysis goldman sachs. declines stock","[84.51320428949448, 107.14143104335841, 15.758490515190374]"
258,2019-01-23 23:42:20+00:00,"sales luxury jewelry, watches boats risk stock market swoons spending watches, jewelry, boats other luxury goods could tumble of recent stock market jitters, according analysis goldman sachs. declines stock","[84.51320428949448, 107.14143104335841, 15.758490515190374]"
259,2019-01-23 23:41:53+00:00,"sales luxury jewelry, watches boats risk stock market swoons spending watches, jewelry, boats other luxury goods could tumble of recent stock market jitters, according analysis goldman sachs. declines stock","[84.51320428949448, 107.14143104335841, 15.758490515190374]"
260,2019-01-23 23:39:00+00:00,rt goldmansachs the smartphone sales growth formula hit stumbling block—here what fuel shipments the future smithbusinessco realnews,"[6.879311312783085, 9.157365997078138, -11.726748547070798]"
261,2019-01-23 23:38:35+00:00,"recession fears spreading, goldman sachs says t worry","[19.995929163107547, 10.010652229465428, -0.8139337134803029]"
262,2019-01-23 23:36:47+00:00,"capitalism climate change = profiteering of human misery. just like goldman sachs &amp; ""curing diseases bad business"" nonsense. capitalism horrible healthcare system=... these greedy villains ensuring guillotines make bloody return. guillotine","[27.7067428997559, 24.47835341153585, -0.8096572885277169]"
263,2019-01-23 23:29:11+00:00,"davidcro markmywordsjcpm jenniegensec i agree. not sure blair thinks is though. who he represent? saudi arabia, pay £ million pa? goldman sachs? sure hell doesn’t represent labour party...","[38.30335499262548, 33.44861729074192, -10.158564831594234]"
264,2019-01-24 23:57:47+00:00,sue goldmansachs last minute downgrade starbucks stock before earnings report. preventing big breakout share price. utter option price manipulation their hand. wallstreet stocks banks investmentbank,"[74.90816161214339, 54.785663394080245, 14.006229335939523]"
266,2019-01-24 23:56:14+00:00,dataroom investment bank goldman sachs believed have hired the ipo one new zealand’s major ports bridgetcarterb ausbiz nz ports,"[43.672420177952255, 31.726588111517657, 1.3037058111072213]"
267,2019-01-24 23:53:24+00:00,jp morgan ceo jamie dimon goldman sachs ceo david solomon recently private meetings top democratic wall street critic maxine waters,"[55.46009358559048, 92.46179395735665, -8.939288610252461]"
268,2019-01-24 23:50:49+00:00,therickwilson supposedly trump &amp; goldman sachs may after gold. see kelly more this theory.,"[-1.3615045519427114, 8.37501512538617, 0.9734593127198963]"
269,2019-01-24 23:50:02+00:00,did say goldman sachs? who lehman brothers again? corlebra,"[6.250718044649671, 15.561498662162442, -10.159436402970954]"
270,2019-01-24 23:48:51+00:00,cyantist impcapital mattschaar kimmaicutler it’s insane we rolled right back the kardashians the nypd caught choking all goldman sachs execs. i don’t feel safe wearing apple watch anywhere south tribeca of stop frisk.,"[34.148327614723506, 17.904905649085435, 0.3500179737690843]"
271,2019-01-24 23:48:40+00:00,"representatives wells fargo, jpmorgan, bank america, goldman sachs other large banks expected soon receive requests testify the house financial services committee, according people familiar the plans. via wsj","[83.73861648241454, 85.47096290588453, 3.1405608892898016]"
272,2019-01-24 23:46:28+00:00,"box great panel ai capitalmarkets bank america, goldman sachs, state street, lightpoint hosted bijonmehta stevenpae alkymi inc","[44.79169692122199, 21.108921155304493, -11.92724918369916]"
273,2019-01-24 23:46:16+00:00,mick mulvaney brought you goldman sachs russia launders cash.,"[10.653112886866777, 8.92362231267149, -10.819233119480245]"
274,2019-01-24 23:42:32+00:00,"jacqnut standupbrexit esthermcvey sony, panasonic, goldman sachs already relocated thousands jobs. airbus, bombardier, bmw, nissan, toyota &amp; honda issued clear statements saying frictionless trade goes go. financial services firm moving droves. wake","[83.78180066357439, 75.59835539576147, 4.2021455970293005]"
275,2019-01-25 23:56:57+00:00,goldmansachs away goldmansachs omg gs talking morals. morally bankrupt &amp; spineless. keep promoting tho. clearly s working. desperate times call desperate actions. your pr department .,"[28.71276061119382, 11.117236364064823, 12.591648497759707]"
277,2019-01-25 23:54:51+00:00,". goldmansachs, morganstanley ask cancel jardine matheson holdings trades us b flash crash","[7.898138641262283, -1.1362807568833664, -12.389564350410545]"
278,2019-01-25 23:49:57+00:00,watch cnbc full interview goldman sachs ceo david solomon davos,"[-3.2028855849712725, 6.7216571838468795, -11.038216283120974]"
279,2019-01-25 23:39:57+00:00,goldman sachs never made honest dollar its life,"[11.322969602587111, 10.874584176667234, -12.67176467919586]"
280,2019-01-25 23:39:29+00:00,"goldmansachs one time partner south east asia chairman, tim leissner, discussing pleading guilty criminal charges stemming an alleged scheme steal billions a malaysian state investment fund known mdb, wall street journal reported","[118.27597938210728, 88.38845884449142, 1.4634233251081383]"
281,2019-01-25 23:39:12+00:00,goldmansachs away how enforcing “diversity” the front trading desk every investment bank? then can talk this “gender equality” bs......,"[25.598093063240956, 17.855390429851823, -9.788717199397155]"
282,2019-01-25 23:27:20+00:00,goldman sachs trump isn’t jeopardizing america’s preeminent standing the world – yahoo finance – goldman sachs,"[10.356916811885572, 9.513058804753207, 0.809781759403176]"
283,2019-01-25 23:20:44+00:00,"gregmannarino goldman sachs schitz down, black white, is out, bad is good etc... kinda like mad hatter","[15.675400726396138, 9.581339458579578, -13.103270850471773]"
284,2019-01-25 23:07:31+00:00,goldman sachs predicts recession but sees pretty sharp slowdown,"[33.00000133553241, 12.16235395464917, -0.22540355807038281]"
285,2019-01-25 23:02:21+00:00,rousing opening reception last night kicked th annual africandnetwork investment symposium keynote aishetu fatima dozie formerly goldmansachs made case investing africa. excited see media community colleagues tom. computerhistory adis,"[79.69207204675965, 86.3454127751696, -0.3489831941812298]"
286,2019-01-26 23:51:27+00:00,"published may ""goldman sachs bought venezuela state oil company bonds last week""","[41.13998674825562, 31.434819649317475, -9.580695916708677]"
288,2019-01-26 23:46:53+00:00,some you never wear uniform you need know you working inventing for. darpa goldmansachs nomura wharton ocs mitelectionlab medialab dartmouth cornell wharton defenseintel medialab mitjlab mitmath caltech wharton,"[16.65033413851474, 6.286044981002831, 2.1833228342901094]"
289,2019-01-26 23:30:12+00:00,goldman sachs bought venezuela’s state oil company’s bonds last week via wsj,"[26.09430451661487, 7.216313753368084, -10.059972881264443]"
290,2019-01-26 23:23:02+00:00,"adamcbest he spoke generalities. he no real accomplishments. he overplayed ""she gave speech goldman sachs."" he acted entitled. winning caucuses not same winning votes. his supporters rude rabid. he not dem. don me days bernie bros.","[68.36033230072233, 55.361811365327256, -8.756859472265617]"
291,2019-01-26 23:19:56+00:00,semgroup nyse semg upgraded goldman sachs group neutral investingnews,"[-0.8867966103838214, 18.472581277902826, -11.13520987672009]"
292,2019-01-26 23:13:22+00:00,goldmansachs jenn rtr renttherunway annabelcarr interesting,"[0.3929538508788075, 6.904489421535107, -12.604566115556223]"
293,2019-01-26 23:04:05+00:00,sentedcruz could stop an utter embarrassment our state just one damn minute? is too much ask? collect check let goldman sachs wife whine about being able afford nd home.,"[42.809757588332694, 30.18804602022577, -11.731488641492675]"
294,2019-01-26 23:00:57+00:00,dailymail does wife still work goldman sachs? socialist hypocrite.,"[-3.9073224124864536, -1.386418393899398, -11.08114464488505]"
295,2019-01-26 22:48:33+00:00,goldmansachs i’ll take “because has va j j” alex.,"[7.682994490012558, 8.482191006113279, -11.096391849523421]"
296,2019-01-26 22:47:33+00:00,"ray phenicie andreaw ketchmeifucan shannonrwatts she failed pursue one west owned the current freasury secretary steven mnuchin, former goldman sachs guy, negotiated sweetheart deal allow one west recapture loses foreclosures rather modify mortgages help people including veterans.","[95.66775753874364, 70.09330717288186, 13.85167352908725]"
297,2019-01-27 23:59:55+00:00,"walkerbragman it hard write public position won get the way the private position. right, goldmansachs?","[16.581638291345914, 18.285394196109948, -11.359338954474538]"
299,2019-01-27 23:57:27+00:00,goldman sachs bought venezuela’s state oil company’s bonds last week,"[17.104804794112475, 8.284523689249603, -10.39765596917158]"
300,2019-01-27 23:38:29+00:00,deadbunnyfrank i guess bernie focus dirty politics whole life amass million net worth sucking to goldman sachs. oh wait. that hillary. bernie net worth million. keep drinking kool aid.,"[50.333658484927604, 20.035790958705675, -13.664540799539807]"
301,2019-01-27 23:34:20+00:00,goldman sachs bought venezuela’s state oil company’s bonds last week,"[17.104804794112475, 8.284523689249603, -10.39765596917158]"
302,2019-01-27 23:20:29+00:00,sydney fintech capify secures multimillion dollar funding m goldman sachs. fintech fintechsydney sydneyfintech funding sme smefinance multimillionaire credit…,"[32.67337628913203, 23.93906674394676, 12.885843193199591]"
303,2019-01-27 23:17:57+00:00,here what attendees a goldman sachs conference think markets do,"[8.244338362494606, 10.891902366987857, 0.9414853475007163]"
304,2019-01-27 23:16:27+00:00,here what attendees a goldman sachs conference think markets do,"[8.244338362494606, 10.891902366987857, 0.9414853475007163]"
305,2019-01-27 23:14:43+00:00,"trainpicker goldman sachs finally seeing justice. but hsbc, deutsche bank, whole lot em slime. especially central banks, beginning the federal reserve. but . . . i digress.","[31.903683288520913, 30.164758173160024, -10.633516869121749]"
306,2019-01-27 23:09:46+00:00,"partyweirdo thesilverfox please. the main advocates remain david cameron, george osbourne, tory party, tory cabinet, parliament, lords, big business, goldman sachs, morgan stanley entire establishment. you on the same side them. remember?","[67.54056220538823, 74.14299653266882, 1.210884156420022]"
307,2019-01-27 23:09:35+00:00,here a good lawyer joke gentlemen. if realdonaldtrump splits flotus gets the house the company. he always get whitehouse the company aka cia . jokeoftheday jimmyfallon jimmyfallon whnsc nomura goldmansachs wharton,"[17.16648264160496, 7.392486825930874, -10.957458087620239]"
308,2019-01-28 23:58:54+00:00,"sportingnews kdtrey right. people get mad cuz are young rich black men exercising power choose play. no one gets pissed baller bankers move morgan stanley to goldman sachs. if have bs reason bothers you, that’s something gotta deal","[44.70174457030463, 29.975430612669, -10.416536865839575]"
310,2019-01-28 23:51:23+00:00,goldman sachs affiliate buys office portfolio m,"[19.759431041202927, 21.265152711195533, -10.625828838380073]"
311,2019-01-28 23:43:22+00:00,"mtaibbi one thing i’d like see democratic candidates s pledge not hire wall street assholes stop the revolving door goldman sachs. it may a fantastical idea, any suggestions how can help?","[68.34451130781834, 62.56902322064566, 14.475355011963373]"
312,2019-01-28 23:42:17+00:00,nectarina senecaindian goldmansachs away yes do. maybe don make much some man particular. this due your lack skills.,"[25.884985269838612, 9.456267784104725, -10.672168262827569]"
313,2019-01-28 23:41:10+00:00,pcguy dan goldmansachs away not true lol,"[7.271215693605538, 8.666055395206836, -11.462166027722702]"
314,2019-01-28 23:41:07+00:00,"goldman warned nvidia could blow because china says companies could next according goldman sachs, broadcom, micron technology, qualcomm, qorvo, skyworks solutions wynn get than half sales china.","[49.60955007000796, 72.2666560088822, 3.913961765035154]"
315,2019-01-28 23:34:57+00:00,vp potus he also invalidate goldman sachs claims those assets were a .b loan madero. this loan kept in power,"[17.815438787316314, 9.188409002787168, 1.52194320320352]"
316,2019-01-28 23:32:02+00:00,karmalovesgumbo goldmansachs away try wearing jacket.,"[-3.8539221111897346, -2.664527959111638, -10.96174981129382]"
317,2019-01-28 23:30:49+00:00,don worry can always give nukes back we problem sir. ambjohnbolton whnsc jokeoftheday dprk news harvardclub harvardclubuk nomura goldmansachs mbatsinghua tsinghua sem brookingsthu tsinghuambas tsinghua uni tsinghua pbcsf hbsexeced depsecdef,"[20.56872623478103, 19.53218799836732, -11.693635836617275]"
318,2019-01-28 23:28:38+00:00,"sunchartist “for investors want hedge international risks, goldman sachs put together basket companies focused domestic sales.” are trying offload stocks?","[21.647159402046857, 51.73612192455128, 1.746687776345297]"
319,2019-01-29 23:55:32+00:00,"goldman sachs guy, right? trump said hillary going put sachs people her administration she won. hillary warned us she correct the puppet","[20.0980251248936, 41.44238310204143, 2.5235575052497694]"
321,2019-01-29 23:51:20+00:00,"pinterest taps goldman sachs, jpmorgan lead ipo sources","[23.014238614460616, 22.240653248972784, -11.684829983813856]"
322,2019-01-29 23:51:12+00:00,goldman sachs securities division engineering co head retire memo,"[8.922601998317663, 11.790901502812844, -11.291449614920765]"
323,2019-01-29 23:49:31+00:00,goldman sachs securities division engineering co head retire memo,"[8.922601998317663, 11.790901502812844, -11.291449614920765]"
324,2019-01-29 23:48:19+00:00,"digital asset why goldman sachs wants launch bitcoin trading operation? do really need big institutions cryptocurrency i mean, are pros cons, haven they already messed the fiat stock economy enough? sharesteem","[78.6709933059982, 53.84878551580945, -10.13093285344992]"
325,2019-01-29 23:46:33+00:00,"blockchains distributed ledgers being piloted many organizations including walmart, microsoft, goldman sachs, maersk, ubs, barclays, credit suisse, unilever, amazon, fedex, ups, nestle, others. cbinsights","[21.660142570193354, 21.901669130069003, -11.308422033897003]"
326,2019-01-29 23:45:28+00:00,"fishfunsun brianlehrer lol trump literally embodiment the corruption claim hate. he a venal, crooked dope &amp; always been. we doing nothing new. his cabinet economics team the types goldman sachs stooges obama only somehow dumber. you being conned.","[77.1458614657388, 76.3191603743128, 3.795683502260701]"
327,2019-01-29 23:44:50+00:00,mcwm darrencohen didn’t apple sign deal goldman sachs future services together?,"[7.906806714036404, -2.1962532552621004, -11.792913152859406]"
328,2019-01-29 23:41:14+00:00,goldman sachs securities division engineering co head retire memo,"[8.922601998317663, 11.790901502812844, -11.291449614920765]"
329,2019-01-29 23:40:20+00:00,"the rally defaulted venezuelan bonds sparked hopes regime change handed juicy early year gains the country’s biggest creditors, as blackrock, t rowe price, stone harbor goldman sachs asset management.","[78.77190105109857, 45.16559192581744, 14.05008906551511]"
330,2019-01-30 23:54:35+00:00,goldman sachs hires firefighting lawyer doj ties via financialtimes,"[19.012396152116406, 8.856704371797951, -10.750535538280996]"
332,2019-01-30 23:52:00+00:00,"toddasorenson iamsuesue mgranville sensanders i can’t. the glass jawed idiot blocked me. guess couldn’t come with good reason hillary didn’t release goldman sachs speeches. i’m crushed, course.","[37.50800539624887, 29.254187829768767, -11.826984509054583]"
333,2019-01-30 23:50:48+00:00,i just posted new blog goldman sachs ditches single use plastic products,"[17.34311315231191, 25.222127598838, -9.746417676852658]"
334,2019-01-30 23:50:47+00:00,"not goldman sachs, troy gowd fox news host as donald trump circles drain such severe fashion even fox can’t figure how keep propping up, network’s real remaining avenue ratings to ramp the lies its favorite democratic scapegoats.","[81.50558592688205, 54.55821441129906, -10.356620081229508]"
335,2019-01-30 23:49:18+00:00,"""goldman sachs ditches single use plastic products""","[10.253691805090458, 18.351387230667253, -10.75381443651435]"
336,2019-01-30 23:48:22+00:00,itvpeston guardiananushka goldmansachs no brexit????? what hell. groundhog day. anyone take notice parliament yesterday? parliament accepted result referendum. no deal removes backstop. paperless eu worked and says possible is political decision what going on? ask raab,"[50.63846977645374, 70.38541475153552, -7.906090697732836]"
337,2019-01-30 23:48:18+00:00,"goldman sachs ditches single use plastic products goldman sachs group inc told employees wednesday will longer carry widely used, throw away plastic items like water bottles silverware its offices an... via youhalal reutersindia business","[79.24369841576802, 93.54669459249128, -7.622303415432967]"
338,2019-01-30 23:45:21+00:00,"girlsreallyrule change paradigm. . our population owning wealth...both parties get screwed. wages been flat yrs. i started goldman sachs, &amp; fix to tax the shit of uber wealthy. they afford it, will benefit, &amp; will still wealthy","[47.77065113785337, 46.17778328128706, 24.883006111493174]"
339,2019-01-30 23:43:57+00:00,goldman sachs ditches single use plastic products,"[10.253691805090458, 18.351387230667253, -10.75381443651435]"
340,2019-01-30 23:42:52+00:00,"""the effect adding supervalu a co borrower caused significant harm unfi because—unbeknownst the company well known goldman sachs—the change part an unlawful quid pro quo the bank credit default swap cds holders...""","[55.5159626323886, 61.99736449661195, 2.043451895149346]"
341,2019-01-31 23:57:33+00:00,a preview the us nonfarm payroll report due friday via goldman sachs,"[36.94264134533372, 8.530364687823834, -10.240322535092737]"
343,2019-01-31 23:57:17+00:00,a preview the us nonfarm payroll report due friday via goldman sachs,"[36.94264134533372, 8.530364687823834, -10.240322535092737]"
344,2019-01-31 23:51:36+00:00,bethlynch the d trip everything short outright vote tampering tamp bernie the populist left that another goldman sachs approved centrist lose trump all donors get another tax cut?,"[22.22795037508472, 6.714704121874902, -9.706720512397908]"
345,2019-01-31 23:50:47+00:00,"goldman sachs managing director david lehman, testified front congress the financial crisis, be leading gov. ned lamont economic development team; not know other about days ago;","[39.22149755372087, 64.66665972705566, -9.852735361953094]"
346,2019-01-31 23:49:39+00:00,"breaking goldman sachs managing director be named gov. ned lamont chief economic adviser, overseeing department economic community development; old greenwich resident be leaving wall street;","[55.04313842276084, 87.2190243857469, -10.8315253788479]"
347,2019-01-31 23:43:37+00:00,"so r consortium started a group nine companies, barclays, bbva, commonwealth bank australia, credit suisse, goldman sachs, j.p. morgan,royal bank scotland, state street, ubs. hmmm i guess all some xrp","[18.70806667741562, 24.156309466245347, -10.581570275287149]"
348,2019-01-31 23:39:59+00:00,"the three indra nooyi, recently retired chairman ceo pepsoco; james smith, retired ceo the parent webster bank david lehman, head global real estate finance goldman sachs investment bank.","[98.94662168797683, 99.46800477705715, -7.73846066111436]"
349,2019-01-31 23:28:48+00:00,this what i worried about. the reason i not supported lamont pre convention because i tired rich controlling government. goldman sachs executives not we need lead the middle working classes forward ct in country.,"[40.65418357680638, 46.01717422636672, -12.180011784327618]"
350,2019-01-31 23:28:12+00:00,united natural foods sues goldman sachs its help supervalu deal,"[8.921830699023804, 19.562689073506043, -11.10365206188596]"
351,2019-01-31 23:24:22+00:00,"“yes, virginia, is acsanta clause” could be beginning the end the vampire’s wall street? we but hope more legal woes goldman sachs food company client files suit barron","[38.442288837608594, 25.634645517482667, -10.091357309651116]"
